track_id,label,nro_kf,img_name_0,x_0,y_0,r_0,img_name_1,x_1,y_1,r_1
0,cal_1,2,VID_20220217_105442_F0.png,193,3,NULL,VID_20220217_105442_F3.png,279,-622,NULL
1,val_1,2,VID_20220217_105442_F0.png,188,250,NULL,VID_20220217_105442_F3.png,279,-357,NULL
2,baya,2,VID_20220217_105442_F0.png,321,8,20.75428,VID_20220217_105442_F3.png,412,-624,NULL
3,keypoint,2,VID_20220217_105442_F0.png,576,53,NULL,VID_20220217_105442_F3.png,637,-594,NULL
4,val_1,2,VID_20220217_105442_F0.png,187,304,NULL,VID_20220217_105442_F3.png,279,-297,NULL
5,keypoint,2,VID_20220217_105442_F0.png,630,191,NULL,VID_20220217_105442_F3.png,642,-477,NULL
6,val_2,2,VID_20220217_105442_F0.png,190,168,NULL,VID_20220217_105442_F3.png,279,-446,NULL
7,val_2,2,VID_20220217_105442_F0.png,188,223,NULL,VID_20220217_105442_F3.png,279,-387,NULL
8,baya,2,VID_20220217_105442_F0.png,261,40,20.03921,VID_20220217_105442_F3.png,365,-589,NULL
