track_id,X,Y,Z
2,-0.390983,1.0483,1.88346
3,-0.484932,1.1697,2.9707
9,-0.375995,1.19406,2.13472
16,0.0,0.0,0.0
18,0.0,0.0,0.0
22,-0.434013,1.07713,2.1136
30,0.0,0.0,0.0
32,0.0,0.0,0.0
33,0.0,0.0,0.0
51,0.327159,2.87193,8.01557
57,-0.324237,1.08498,2.35571
65,-0.387874,0.928829,1.85084
69,-0.408904,0.920432,1.69898
71,0.0,0.0,0.0
73,-0.497313,1.09682,2.5266
74,-0.259507,1.14509,2.50759
78,0.0,0.0,0.0
