track_id,X,Y,Z
2,0.0,0.0,0.0
3,-0.215339,0.427629,1.45422
9,0.0,0.0,0.0
19,-0.216095,0.428632,1.45377
22,-0.214333,0.431556,1.45242
30,0.0,0.0,0.0
33,0.0,0.0,0.0
51,-0.215884,0.432788,1.45461
57,-0.312196,0.548356,1.69301
60,0.0,0.0,0.0
64,-0.212586,0.428918,1.45535
73,-0.213682,0.42781,1.45806
75,-1.92463,1.88,5.74167
76,-0.212996,0.428488,1.45131
78,-0.216428,0.428161,1.45491
79,-0.211654,0.42924,1.45485
