track_id,X,Y,Z
2,0.0,0.0,0.0
3,0.0,0.0,0.0
9,-0.173983,0.654154,1.78518
16,-0.174538,0.65124,1.78414
18,-0.173389,0.651767,1.78198
22,0.0,0.0,0.0
30,0.0,0.0,0.0
32,-0.174029,0.652383,1.78323
33,-0.19534,0.68341,1.85205
51,0.0,0.0,0.0
57,-0.172916,0.651228,1.78389
65,-0.17384,0.651449,1.78826
69,-1.85188,2.44987,7.46135
73,-0.172864,0.650679,1.78127
74,-0.174646,0.651057,1.78472
75,-0.172518,0.651224,1.78324
