track_id,X,Y,Z
2,-0.164534,0.554329,1.17054
3,0.722247,-1.44635,-1.55517
9,-0.149692,0.536444,1.18118
10,-0.234452,0.558574,1.34454
13,0.0,0.0,0.0
16,0.0,0.0,0.0
18,-0.187981,0.501628,1.24934
19,-0.368243,0.757435,1.69529
22,-0.240116,0.553738,1.26784
23,-0.182048,0.476284,1.01959
28,0.0,0.0,0.0
30,-0.371142,0.737746,1.71465
31,0.0,0.0,0.0
32,-0.112129,0.521003,1.08497
33,0.0,0.0,0.0
45,0.0,0.0,0.0
