track_id,X,Y,Z
2,0.0,0.0,0.0
3,-1.33083,1.32358,6.08703
9,-0.793437,3.46111,5.89155
14,-1.63209,1.67855,5.95202
15,-1.00208,2.88633,5.68176
18,0.0,0.0,0.0
19,0.0,0.0,0.0
20,0.0,0.0,0.0
22,0.0,0.0,0.0
27,-1.28442,2.88594,5.69603
28,0.0,0.0,0.0
30,0.0,0.0,0.0
31,-0.197841,1.99516,5.95327
32,-0.275311,1.70538,6.13356
51,0.0,0.0,0.0
56,-0.532738,1.17546,6.358
58,0.0,0.0,0.0
59,0.0,0.0,0.0
60,-1.60242,1.42669,6.02349
61,0.0511784,1.85018,6.04896
62,0.0,0.0,0.0
