track_id,X,Y,Z
2,-0.0940999,0.0992312,0.564625
3,-0.0298927,0.38151,0.555061
9,-0.124842,0.13436,0.515583
10,-0.0438617,0.297328,0.512607
13,0.0,0.0,0.0
16,0.0,0.0,0.0
18,0.0,0.0,0.0
19,-0.0925996,0.289192,0.575982
22,0.0,0.0,0.0
23,0.0,0.0,0.0
28,-0.0118147,0.105202,0.686379
30,0.0,0.0,0.0
31,0.00149656,0.193361,0.565979
32,-0.12756,0.104959,0.536969
33,0.0833717,0.204223,0.664097
45,-0.0717337,0.385704,0.538017
51,0.0,0.0,0.0
