track_id,X,Y,Z
2,0.0,0.0,0.0
3,-0.118325,0.0794154,0.59055
9,-0.0432747,0.399944,0.581728
10,-0.159684,0.122473,0.541482
13,-0.0686673,0.30597,0.532756
18,0.0,0.0,0.0
23,0.0,0.0,0.0
30,0.0,0.0,0.0
31,-0.117998,0.296073,0.612503
33,0.0546327,0.20459,0.640827
45,0.0409835,0.159674,0.674574
58,-0.00721032,0.0787887,0.715051
60,0.0,0.0,0.0
64,-0.0107047,0.183416,0.581815
65,-0.158711,0.0880052,0.564567
67,0.0981116,0.189182,0.679942
73,-0.0905705,0.405497,0.568767
74,0.0,0.0,0.0
76,0.0,0.0,0.0
