track_id,X,Y,Z
2,-0.439246,1.00464,1.96872
3,-0.661691,0.249043,1.99136
9,0.0,0.0,0.0
22,0.0,0.0,0.0
23,-0.538036,0.820445,1.82644
31,0.0,0.0,0.0
45,0.0,0.0,0.0
57,-0.611792,0.835857,1.82935
58,0.0,0.0,0.0
64,-0.227896,0.46681,1.95591
65,-0.238522,0.360329,2.03582
75,-0.311334,0.156002,2.14522
79,0.0,0.0,0.0
81,-0.443261,0.466485,1.88737
83,-0.748619,0.296988,1.9569
