track_id,X,Y,Z
2,-0.119271,0.0790577,0.592819
3,-0.0430584,0.401658,0.58344
9,-0.161102,0.122495,0.543633
10,-0.0691063,0.307073,0.534292
13,0.0,0.0,0.0
16,0.0,0.0,0.0
18,0.0,0.0,0.0
19,-0.118352,0.29723,0.614874
22,0.0554429,0.204744,0.642442
23,0.0417924,0.15955,0.676511
28,-0.00668266,0.0782139,0.71756
30,0.0,0.0,0.0
31,-0.0107276,0.18355,0.583393
32,-0.160067,0.0877888,0.566881
33,0.0994118,0.189143,0.681588
45,-0.0907444,0.407349,0.570654
51,0.0,0.0,0.0
57,0.0,0.0,0.0
