track_id,X,Y,Z
2,0.0,0.0,0.0
3,-0.118941,0.130062,0.669034
9,-0.0415972,0.464904,0.637411
13,-0.15461,0.174608,0.616401
16,0.0,0.0,0.0
19,0.0,0.0,0.0
28,0.0,0.0,0.0
31,-0.102274,0.363744,0.584911
32,-0.116407,0.367774,0.690375
45,0.0513651,0.262177,0.716558
51,0.0296038,0.221543,0.755508
59,0.0,0.0,0.0
64,0.0,0.0,0.0
65,0.0,0.0,0.0
67,-0.158629,0.138558,0.642107
69,0.0860804,0.249146,0.759073
73,-0.0910409,0.473663,0.62529
75,0.0,0.0,0.0
