track_id,X,Y,Z
2,0.0,0.0,0.0
3,0.0,0.0,0.0
9,-0.062256,0.480685,0.567733
13,-0.15019,0.214403,0.559475
16,-0.069451,0.388483,0.536153
19,0.0,0.0,0.0
28,0.0,0.0,0.0
31,-0.106691,0.385077,0.522664
32,0.0,0.0,0.0
45,0.0169833,0.314769,0.670363
51,0.00260417,0.277506,0.695723
59,0.0,0.0,0.0
64,0.0,0.0,0.0
65,-0.0257431,0.283165,0.60885
67,-0.151579,0.182196,0.582505
69,0.0501408,0.303304,0.708747
73,-0.102436,0.48374,0.551885
