track_id,X,Y,Z
2,-0.341625,1.21239,2.03049
3,-0.452704,0.524443,1.9485
9,-0.278745,1.19114,1.90081
19,-0.527026,0.623048,1.87473
22,-0.355066,1.00052,1.83987
30,0.0,0.0,0.0
33,0.0,0.0,0.0
51,-0.42689,0.99257,1.81773
56,0.0,0.0,0.0
58,0.0,0.0,0.0
59,-0.130337,0.64373,2.03607
67,-0.222743,0.49666,2.1196
71,-0.619013,0.890782,2.44318
72,-0.259868,0.707752,1.90137
73,-0.524751,0.554166,1.91457
74,0.0,0.0,0.0
