track_id,X,Y,Z
2,-0.242215,0.269399,1.01231
3,-0.170425,0.611196,0.98302
9,-0.270363,0.313861,0.955986
10,-0.178996,0.515658,0.947781
13,0.0,0.0,0.0
16,0.0,0.0,0.0
18,-0.218469,0.509127,0.926698
19,-0.265104,0.523174,1.05328
22,-0.0938925,0.411042,1.08314
23,0.0,0.0,0.0
28,-0.167981,0.278069,1.14767
30,0.0,0.0,0.0
31,0.0,0.0,0.0
32,-0.275958,0.277379,0.980192
33,-0.0611276,0.395023,1.12572
45,-0.215339,0.618961,0.968879
