track_id,X,Y,Z
2,-1.36208,0.734831,4.34714
3,-0.836733,2.15154,3.84105
9,-1.5614,0.996481,4.21311
10,-1.07891,1.74794,3.76442
13,-1.19969,1.14508,3.51018
14,0.0,0.0,0.0
15,0.0,0.0,0.0
16,0.0,0.0,0.0
18,-1.26663,1.7967,3.85898
19,0.0,0.0,0.0
20,0.0,0.0,0.0
22,-0.525542,1.12256,4.01747
23,0.0,0.0,0.0
27,0.0,0.0,0.0
28,-0.720211,0.630602,4.67607
30,0.0,0.0,0.0
31,-0.8898,1.08112,3.88973
32,-1.55163,0.835667,4.33786
33,-0.32267,1.02358,4.13636
