track_id,X,Y,Z
2,-4.28906,13.3533,22.4863
3,-0.867041,1.40147,5.90302
9,0.0,0.0,0.0
16,-0.87566,1.41022,5.89347
18,0.0,0.0,0.0
22,0.0,0.0,0.0
30,0.0,0.0,0.0
32,-0.870922,1.45679,5.89545
33,0.0,0.0,0.0
51,0.0,0.0,0.0
57,0.0,0.0,0.0
65,-0.863471,1.46263,6.10971
69,0.0,0.0,0.0
71,-0.837517,1.39167,5.83077
73,-0.877584,1.40694,5.90845
74,-0.825777,1.43728,5.93861
