track_id,X,Y,Z
2,-0.229511,0.98167,1.40093
3,-0.33961,0.465648,1.4466
9,0.0,0.0,0.0
16,-0.396775,0.536548,1.36574
18,0.0,0.0,0.0
22,0.0,0.0,0.0
30,0.0,0.0,0.0
32,-0.301223,0.823923,1.27567
33,-0.368575,0.901634,1.53962
51,0.0,0.0,0.0
57,-0.116172,0.616341,1.56047
64,-0.199989,0.488869,1.66787
67,0.0,0.0,0.0
69,-0.159332,0.615613,1.37257
71,-0.398479,0.480149,1.40811
73,-0.0289007,0.653483,1.56138
75,0.0,0.0,0.0
