track_id,X,Y,Z
2,0.0,0.0,0.0
3,-0.221052,0.18679,0.954379
9,0.0,0.0,0.0
16,-0.287447,0.244111,0.890469
18,-0.152239,0.495313,0.839575
22,0.0,0.0,0.0
30,0.0,0.0,0.0
32,-0.21095,0.495214,0.833421
33,-0.20962,0.492743,0.963971
51,0.0,0.0,0.0
57,0.0208312,0.294932,1.03131
65,-0.0368457,0.188201,1.10333
69,0.0,0.0,0.0
73,-0.0716525,0.323195,0.910901
74,-0.278647,0.200152,0.924119
75,0.102126,0.33295,1.02456
81,-0.162849,0.641035,0.87957
