track_id,X,Y,Z
2,0.0,0.0,0.0
3,-0.147008,0.128454,0.619311
9,0.0,0.0,0.0
16,-0.171539,0.160531,0.569893
18,0.0,0.0,0.0
22,0.0,0.0,0.0
30,0.0,0.0,0.0
32,-0.129722,0.311069,0.554986
33,-0.147806,0.306344,0.626009
51,-0.0203099,0.238066,0.686467
57,-0.0353226,0.202253,0.712907
60,-0.0756787,0.135428,0.739723
65,0.0,0.0,0.0
67,-0.0605044,0.216359,0.627765
69,-0.174679,0.133251,0.590322
73,0.0106388,0.227649,0.726569
75,-0.118651,0.395727,0.59045
