track_id,X,Y,Z
2,0.0,0.0,0.0
3,-0.110369,0.121146,0.610911
9,-0.0578716,0.390856,0.596745
13,-0.137829,0.15371,0.562945
16,0.0,0.0,0.0
19,0.0,0.0,0.0
28,0.0,0.0,0.0
31,-0.099521,0.306988,0.543819
32,-0.116266,0.302732,0.617626
45,0.0192571,0.23382,0.668057
51,0.0,0.0,0.0
59,-0.0407216,0.128979,0.729047
64,0.0,0.0,0.0
65,-0.0223519,0.211162,0.611644
67,-0.140992,0.125864,0.583982
69,0.0484607,0.223837,0.707354
74,-0.0949569,0.394339,0.579181
79,0.0,0.0,0.0
