track_id,X,Y,Z
2,0.117709,0.197344,0.262924
3,0.0970876,0.235717,0.275539
9,0.0,0.0,0.0
10,0.132073,0.203141,0.245715
13,0.110748,0.208955,0.263761
16,0.0,0.0,0.0
18,0.124793,0.20656,0.249656
19,0.0,0.0,0.0
22,0.126979,0.205238,0.261865
23,0.107902,0.213152,0.285012
28,0.0,0.0,0.0
30,0.0,0.0,0.0
31,0.137402,0.196279,0.246254
32,0.0,0.0,0.0
33,0.114756,0.213836,0.281097
45,0.0696479,0.254118,0.292431
51,-0.840805,0.767414,0.997288
