track_id,X,Y,Z
2,0.0,0.0,0.0
3,0.0,0.0,0.0
9,-0.0232391,0.492676,0.368571
10,-0.104643,0.213763,0.412181
13,-0.033166,0.387515,0.344325
18,-0.0819526,0.307412,0.399997
23,0.0,0.0,0.0
30,-0.0741498,0.382512,0.341439
31,0.0,0.0,0.0
33,0.0841808,0.327158,0.463576
45,0.0691589,0.29706,0.512956
58,0.0,0.0,0.0
60,0.0,0.0,0.0
64,0.0294838,0.287602,0.415102
65,0.0,0.0,0.0
67,0.117921,0.32954,0.505748
73,-0.0699023,0.493628,0.360795
74,0.0,0.0,0.0
