track_id,X,Y,Z
2,-0.383295,0.583263,1.84562
3,0.0,0.0,0.0
9,-0.450111,0.664017,1.7815
10,-0.278492,0.984489,1.72323
13,0.0,0.0,0.0
14,-0.367956,1.27049,2.05299
16,0.0,0.0,0.0
18,-0.355264,0.989937,1.72695
19,-0.489885,1.17998,2.24966
22,-0.0944068,0.77738,1.88428
23,-0.125593,0.709356,1.93666
28,-0.206595,0.573344,2.01929
30,0.0,0.0,0.0
31,0.0,0.0,0.0
32,-0.448059,0.603804,1.8127
33,-0.0313555,0.743269,1.92266
45,-0.324867,1.19635,1.82341
