track_id,X,Y,Z
2,0.0,0.0,0.0
3,-0.165,0.17802,0.770322
9,-0.0938754,0.513346,0.732401
13,-0.196116,0.220777,0.714498
16,-0.10136,0.418455,0.700197
19,0.0,0.0,0.0
28,0.0,0.0,0.0
31,-0.142424,0.412609,0.679761
32,-0.177911,0.425335,0.798456
45,-0.0130107,0.317429,0.834353
51,-0.0309279,0.278289,0.867516
58,0.0,0.0,0.0
60,0.0,0.0,0.0
63,-0.0571149,0.290893,0.769454
64,-0.199302,0.18494,0.73852
65,0.0213907,0.302586,0.874966
69,-0.138787,0.520779,0.71794
