track_id,X,Y,Z
2,0.0,0.0,0.0
3,-0.785041,0.511028,2.53288
9,-0.51149,1.37558,2.46571
22,-0.897658,0.657482,2.45168
23,-0.680913,1.12969,2.3889
31,0.0,0.0,0.0
45,0.0,0.0,0.0
57,-0.75929,1.14013,2.3879
58,0.0,0.0,0.0
64,-0.328459,0.77295,2.54507
65,0.0,0.0,0.0
74,-0.405346,0.431196,2.69649
76,-0.829138,0.826499,2.91893
78,-0.56637,0.758307,2.47452
79,0.0,0.0,0.0
80,-0.200376,0.703758,2.59669
