track_id,X,Y,Z
2,0.0,0.0,0.0
3,-0.111847,0.113712,0.640147
9,-0.0526311,0.443218,0.616896
10,-0.150058,0.158799,0.593564
13,0.0,0.0,0.0
18,0.0,0.0,0.0
23,0.0,0.0,0.0
30,-0.107723,0.342717,0.564281
31,-0.13054,0.347657,0.669239
33,0.0450494,0.241294,0.673704
45,0.0,0.0,0.0
58,0.0,0.0,0.0
60,0.0,0.0,0.0
64,-0.00745853,0.216666,0.612002
65,-0.150612,0.122423,0.616619
67,0.0811174,0.226804,0.713527
73,-0.100201,0.451995,0.610001
74,0.0,0.0,0.0
76,0.0,0.0,0.0
