track_id,X,Y,Z
2,0.0,0.0,0.0
3,-0.33557,0.513779,1.77082
9,-0.207399,1.18099,1.68453
16,-0.423486,0.605054,1.70169
18,-0.250316,0.970008,1.60927
22,0.0,0.0,0.0
30,0.0,0.0,0.0
32,-0.335881,0.968607,1.60843
33,-0.438922,1.12512,2.04981
51,-0.00922512,0.739064,1.76529
56,-0.0364448,0.676628,1.86887
63,-0.11664,0.520913,1.96499
65,0.0,0.0,0.0
67,-0.135408,0.696078,1.67644
69,-0.416436,0.537738,1.74592
71,0.0,0.0,0.0
