track_id,X,Y,Z
2,-0.785008,0.511016,2.53278
3,-0.51147,1.37553,2.46562
9,-0.897619,0.657463,2.45159
10,-0.680884,1.12965,2.38881
13,0.0,0.0,0.0
16,0.0,0.0,0.0
18,-0.759257,1.14009,2.38781
19,0.0,0.0,0.0
22,-0.328448,0.772926,2.54498
23,0.0,0.0,0.0
28,-0.405332,0.431189,2.69639
30,-0.829107,0.826473,2.91881
31,-0.566347,0.758283,2.47443
32,0.0,0.0,0.0
33,-0.200371,0.703737,2.59659
