track_id,X,Y,Z
2,0.0,0.0,0.0
3,0.0512575,0.487776,0.782384
9,0.0525586,0.478841,0.778497
10,0.056619,0.479814,0.774806
13,0.0506044,0.482578,0.781589
16,0.0,0.0,0.0
18,0.0,0.0,0.0
19,0.0,0.0,0.0
22,0.0545537,0.481507,0.781962
23,0.0505121,0.483661,0.788676
28,0.032941,0.49127,0.815946
30,0.0,0.0,0.0
31,0.0,0.0,0.0
32,0.050865,0.478997,0.780766
33,0.0523661,0.48386,0.787923
45,0.0,0.0,0.0
51,-0.8789,1.28902,1.85564
