track_id,X,Y,Z
2,0.0,0.0,0.0
3,-0.598263,-0.0887455,2.22367
9,0.0,0.0,0.0
19,-0.7105,0.0385309,2.17128
22,0.0,0.0,0.0
30,0.0,0.0,0.0
33,-0.461924,0.466458,2.20488
51,0.0,0.0,0.0
57,-0.660162,0.43603,2.42915
60,-0.191277,0.173599,2.17529
64,-0.190657,0.0595354,2.24706
74,0.0,0.0,0.0
76,-0.670047,0.118978,2.52274
79,-0.39308,0.152711,2.12864
81,-0.699082,-0.0534708,2.21458
83,-0.0797528,0.123171,2.21901
