track_id,X,Y,Z
2,0.0,0.0,0.0
3,-0.133667,0.390296,1.19357
9,-0.133616,0.392844,1.19439
19,-0.13398,0.390626,1.19357
22,-0.13327,0.391273,1.19257
30,0.0,0.0,0.0
33,0.0,0.0,0.0
51,-0.133747,0.391673,1.19332
57,-1.04605,1.52847,3.51077
59,-0.132609,0.390585,1.19264
60,-0.132694,0.390509,1.1932
73,-0.133278,0.39051,1.19528
75,-1.36102,1.51953,4.48674
76,-0.132802,0.390343,1.19202
79,-0.134038,0.390472,1.19388
81,0.0,0.0,0.0
