track_id,X,Y,Z
2,0.0,0.0,0.0
3,-0.245309,0.357466,1.1925
9,-0.152054,0.781905,1.13663
16,0.0,0.0,0.0
18,-0.175719,0.657976,1.09636
22,0.0,0.0,0.0
30,0.0,0.0,0.0
32,-0.228469,0.65283,1.08087
33,-0.289626,0.698129,1.27742
51,-0.0425891,0.519884,1.23881
56,-0.0625263,0.471464,1.28877
63,-0.125369,0.366973,1.33986
65,0.0,0.0,0.0
67,-0.107564,0.488506,1.16304
69,-0.292129,0.370291,1.16172
71,0.0,0.0,0.0
74,-0.215899,0.800092,1.13539
