track_id,X,Y,Z
2,0.0,0.0,0.0
3,-0.0572493,0.495611,0.591817
9,0.0,0.0,0.0
10,-0.056659,0.426447,0.567159
13,-0.10356,0.35973,0.58725
16,0.0,0.0,0.0
18,-0.0840611,0.42059,0.550499
19,0.0,0.0,0.0
22,-0.0069198,0.376222,0.687269
23,-0.0269147,0.345274,0.707037
28,-0.0681342,0.280254,0.73157
30,0.0,0.0,0.0
31,-0.0319622,0.349265,0.632405
32,0.0,0.0,0.0
33,0.00864394,0.370779,0.72411
45,-0.0874622,0.495279,0.572757
51,-0.139842,0.424145,0.598025
