track_id,X,Y,Z
2,0.0,0.0,0.0
3,-0.120966,0.121296,0.658588
9,-0.0548661,0.447625,0.63977
10,0.0,0.0,0.0
13,-0.0693002,0.350962,0.593251
18,0.0,0.0,0.0
23,0.0,0.0,0.0
30,-0.113757,0.350075,0.584766
31,-0.123579,0.346773,0.676816
33,0.0338783,0.254886,0.710383
45,0.0233128,0.211024,0.741539
58,-0.0244458,0.125568,0.784245
60,0.0,0.0,0.0
64,-0.0136402,0.22917,0.644571
65,-0.160598,0.129553,0.630677
67,0.0,0.0,0.0
73,-0.102635,0.453137,0.627748
74,0.0,0.0,0.0
