track_id,X,Y,Z
2,0.0,0.0,0.0
3,-1.03009,0.534332,3.2718
9,0.0,0.0,0.0
19,-1.2633,0.88572,3.36963
22,0.0,0.0,0.0
30,-1.68188,1.90534,5.74204
33,0.0,0.0,0.0
51,-0.968044,1.95957,3.74844
57,0.0,0.0,0.0
59,0.0,0.0,0.0
60,-0.256257,0.76965,4.0268
71,0.0,0.0,0.0
74,0.0,0.0,0.0
75,0.0,0.0,0.0
76,-1.22444,0.655334,3.28088
78,0.0,0.0,0.0
