track_id,X,Y,Z
2,-0.158822,0.197927,0.80945
3,0.0,0.0,0.0
9,0.0,0.0,0.0
10,0.0,0.0,0.0
13,0.0,0.0,0.0
16,-0.11134,0.378957,0.83061
18,-0.159836,0.364943,0.767603
19,-0.177397,0.356385,0.829063
22,-0.0577975,0.308982,0.904381
23,-0.0759779,0.276005,0.918481
28,-0.109918,0.20804,0.923521
30,0.0,0.0,0.0
31,-0.0893117,0.288339,0.844784
32,-0.183181,0.198753,0.776771
33,-0.0391881,0.302387,0.940175
45,-0.166883,0.435432,0.79987
51,0.0,0.0,0.0
