track_id,X,Y,Z
2,-1.01208,2.53372,6.97662
3,-1.0112,2.533,6.97188
9,0.0,0.0,0.0
13,-1.0105,2.53207,6.96991
14,0.0,0.0,0.0
18,0.0,0.0,0.0
19,-1.01211,2.53396,6.97706
23,0.0,0.0,0.0
30,-1.01151,2.53236,6.97387
31,0.0,0.0,0.0
33,-1.01218,2.53348,6.97525
45,-1.01216,2.5338,6.97583
57,-1.01211,2.53409,6.97635
59,-1.01208,2.53411,6.97692
60,-2.95941,12.1793,34.1428
63,0.0,0.0,0.0
64,-1.01226,2.53375,6.97583
67,0.0,0.0,0.0
70,0.0,0.0,0.0
