track_id,X,Y,Z
2,0.0,0.0,0.0
3,0.0,0.0,0.0
9,-0.0767786,0.565191,0.715388
10,-0.173154,0.280056,0.690871
13,-0.0926951,0.468917,0.674358
18,0.0,0.0,0.0
23,0.0,0.0,0.0
30,-0.135247,0.464395,0.664825
31,0.0,0.0,0.0
33,0.029824,0.380714,0.796695
45,0.016269,0.337295,0.829625
58,-0.030473,0.254142,0.865211
60,0.0,0.0,0.0
64,0.0,0.0,0.0
65,-0.171494,0.245209,0.714274
67,0.0707692,0.368983,0.83513
71,-0.123553,0.567438,0.70039
73,0.0,0.0,0.0
75,-0.0178129,0.453719,0.79086
