track_id,X,Y,Z
2,0.0,0.0,0.0
3,0.0,0.0,0.0
9,-0.149975,0.681569,1.2625
13,-0.298501,0.262096,1.21392
14,-0.160608,0.548653,1.20187
18,0.0,0.0,0.0
19,0.0,0.0,0.0
23,0.0,0.0,0.0
30,-0.226543,0.547762,1.18706
31,0.0,0.0,0.0
33,-0.0138816,0.374338,1.36189
45,0.0,0.0,0.0
57,-0.128854,0.18477,1.45304
59,-0.247644,0.35727,1.41607
60,-0.0858086,0.351394,1.27323
63,-0.305525,0.207819,1.2444
64,0.0296964,0.347968,1.40851
67,-0.222202,0.704578,1.26093
69,0.0,0.0,0.0
