track_id,X,Y,Z
2,0.0,0.0,0.0
3,0.0,0.0,0.0
9,-0.26162,0.794369,1.43931
14,-0.430386,0.352599,1.41177
16,-0.278839,0.646214,1.37787
19,0.0,0.0,0.0
22,0.0,0.0,0.0
28,0.0,0.0,0.0
31,-0.342679,0.645621,1.3635
32,0.0,0.0,0.0
45,-0.144295,0.476307,1.5679
51,-0.171314,0.409509,1.60319
59,-0.250045,0.278169,1.66531
63,-0.430815,0.485156,1.68627
64,-0.20527,0.440191,1.45628
65,-0.431014,0.296548,1.44171
67,-0.089118,0.445797,1.60899
69,-0.336836,0.823378,1.44318
