track_id,X,Y,Z
2,0.0,0.0,0.0
3,-0.297456,0.801681,1.80083
9,0.0,0.0,0.0
16,-0.290833,0.793273,1.81215
18,-0.326681,0.787646,1.87441
22,0.0,0.0,0.0
30,0.0,0.0,0.0
32,-0.301485,0.757566,1.82451
33,-0.450766,0.980285,2.21515
51,-0.330432,0.779316,1.80635
57,-0.29826,0.734893,1.65732
64,0.0,0.0,0.0
67,-0.456695,0.960477,2.24577
69,0.0,0.0,0.0
71,-0.278624,0.790684,1.77713
73,-0.323689,0.747844,1.71404
75,1.01018,-1.8206,-1.81566
