track_id,X,Y,Z
2,0.0,0.0,0.0
3,-0.383297,0.583264,1.84562
9,0.0,0.0,0.0
14,-0.450113,0.664018,1.78151
16,-0.278493,0.98449,1.72323
19,0.0,0.0,0.0
22,-0.367957,1.27049,2.053
28,0.0,0.0,0.0
31,-0.355265,0.989939,1.72696
32,-0.489886,1.17998,2.24966
45,-0.0944073,0.777381,1.88428
51,-0.125594,0.709357,1.93667
60,-0.206596,0.573345,2.0193
64,0.0,0.0,0.0
65,0.0,0.0,0.0
67,-0.44806,0.603805,1.8127
68,-0.0313558,0.74327,1.92267
75,-0.324868,1.19635,1.82342
