track_id,X,Y,Z
2,-0.0893389,0.34464,0.967256
3,-0.0895571,0.346299,0.968401
9,-0.0894198,0.344751,0.967133
10,-0.089106,0.345044,0.966768
13,0.0,0.0,0.0
16,0.0,0.0,0.0
18,-0.0893019,0.345213,0.967049
19,-1.0991,1.77505,3.69199
22,-0.0890575,0.345118,0.967722
23,-0.0892266,0.3452,0.968389
28,0.0,0.0,0.0
30,-0.889361,1.19951,3.2282
31,0.0,0.0,0.0
32,-0.0894531,0.344685,0.967268
33,0.0,0.0,0.0
45,0.0,0.0,0.0
