track_id,X,Y,Z
2,0.0,0.0,0.0
3,-0.0940997,0.099231,0.564624
9,-0.0298926,0.38151,0.555061
13,-0.124842,0.13436,0.515582
16,-0.0438616,0.297328,0.512606
19,0.0,0.0,0.0
28,0.0,0.0,0.0
31,0.0,0.0,0.0
32,-0.0925995,0.289192,0.575981
45,0.0,0.0,0.0
51,0.0,0.0,0.0
59,-0.0118147,0.105202,0.686378
64,0.0,0.0,0.0
65,0.00149661,0.193361,0.565978
67,-0.12756,0.104959,0.536968
69,0.0833716,0.204223,0.664096
74,-0.0717336,0.385704,0.538016
76,0.0,0.0,0.0
