track_id,X,Y,Z
2,-0.00216626,0.00116548,0.00691006
3,-0.00151161,0.00388611,0.00693747
9,0.0,0.0,0.0
10,-0.0015725,0.00253609,0.00548886
13,0.0,0.0,0.0
16,0.0,0.0,0.0
18,-0.00205897,0.00290707,0.00627044
19,-0.0102884,0.0129824,0.0317042
22,-0.000712467,0.00154456,0.0054626
23,0.0,0.0,0.0
28,-0.00128218,0.00106423,0.0082572
30,-2.45444,1.95652,7.30984
31,-0.00116864,0.00143437,0.00511683
32,0.0,0.0,0.0
33,-0.000460526,0.00147541,0.00592064
