track_id,X,Y,Z
2,0.0,0.0,0.0
3,-0.400211,0.572757,1.94267
9,-0.311943,1.11283,2.00078
14,-0.453635,0.643206,1.88829
16,-0.293987,0.885673,1.79298
19,0.0,0.0,0.0
22,-0.600413,1.55992,2.80634
28,0.0,0.0,0.0
31,-0.368377,0.910272,1.83307
32,-0.886236,1.66954,3.50076
45,-0.17429,0.754047,2.01646
51,-0.211456,0.708121,2.1108
59,0.0,0.0,0.0
63,0.0,0.0,0.0
64,0.0,0.0,0.0
65,-0.459456,0.595499,1.92898
67,-0.131491,0.740751,2.10013
69,-0.410426,1.20008,2.10453
