track_id,X,Y,Z
2,0.0,0.0,0.0
3,-0.303731,0.409604,1.46217
9,-0.176104,0.959575,1.36312
14,-0.375433,0.483359,1.39027
16,-0.215904,0.806463,1.32582
19,0.0,0.0,0.0
22,-0.275178,1.0202,1.51378
28,0.0,0.0,0.0
31,-0.287918,0.802595,1.31444
32,0.0,0.0,0.0
45,0.0,0.0,0.0
51,-0.0477212,0.547012,1.54309
60,-0.126043,0.414386,1.62072
64,0.0,0.0,0.0
65,-0.12215,0.585435,1.41695
67,-0.368211,0.425767,1.42201
68,0.0,0.0,0.0
71,-0.259047,0.987993,1.37077
