track_id,X,Y,Z
2,-0.130266,0.152847,0.68567
3,-0.0760142,0.440657,0.676046
9,0.0,0.0,0.0
10,-0.0828463,0.355556,0.635161
13,0.0,0.0,0.0
16,0.0,0.0,0.0
18,0.0,0.0,0.0
19,-0.138632,0.351472,0.705988
22,0.00429205,0.274944,0.752974
23,-0.0142856,0.236887,0.780312
28,-0.060238,0.161425,0.805562
30,0.0,0.0,0.0
31,-0.0381495,0.249801,0.69246
32,-0.16179,0.157859,0.657008
33,0.0337485,0.263389,0.791502
45,-0.115066,0.444547,0.658073
51,0.0,0.0,0.0
