track_id,X,Y,Z
2,0.0,0.0,0.0
3,-0.0436111,0.294095,0.863712
9,-0.0437583,0.294963,0.864315
16,-0.0436587,0.294157,0.863665
18,-0.0434614,0.294269,0.863405
22,0.0,0.0,0.0
30,0.0,0.0,0.0
32,-0.0435833,0.29438,0.86359
33,-0.996334,1.49741,3.13747
51,-0.0434383,0.294274,0.86379
57,-0.0435748,0.294376,0.864285
64,0.0,0.0,0.0
67,-0.925358,1.13337,3.06829
69,0.0,0.0,0.0
71,-0.0436948,0.294134,0.863772
73,-0.0434504,0.294357,0.86411
75,0.0,0.0,0.0
