track_id,X,Y,Z
2,0.0,0.0,0.0
3,-0.0767787,0.56519,0.715388
9,-0.173154,0.280055,0.69087
10,-0.0926951,0.468916,0.674357
13,0.0,0.0,0.0
16,0.0,0.0,0.0
18,-0.135247,0.464394,0.664825
19,0.0,0.0,0.0
22,0.0298239,0.380713,0.796694
23,0.0162688,0.337294,0.829624
28,-0.0304731,0.254142,0.86521
30,0.0,0.0,0.0
31,0.0,0.0,0.0
32,-0.171494,0.245208,0.714273
33,0.0707689,0.368983,0.835129
45,-0.123553,0.567437,0.700389
51,0.0,0.0,0.0
57,-0.017813,0.453718,0.79086
