track_id,X,Y,Z
2,-0.124446,0.703575,0.957853
3,-0.21106,0.329259,1.03087
9,0.0,0.0,0.0
16,-0.260391,0.381715,0.969828
18,-0.139867,0.59772,0.894375
22,0.0,0.0,0.0
30,0.0,0.0,0.0
32,-0.193232,0.60234,0.896199
33,-0.22176,0.631156,1.04086
51,0.0,0.0,0.0
57,-0.0249804,0.436335,1.09292
64,-0.0842241,0.343084,1.17988
67,0.0,0.0,0.0
69,-0.0753433,0.443785,0.962792
73,-0.259568,0.340344,1.00396
74,0.0412,0.466337,1.08551
76,0.0,0.0,0.0
