track_id,X,Y,Z
2,0.0,0.0,0.0
3,-0.152968,0.218222,0.871009
9,-0.103826,0.528501,0.852165
13,-0.179916,0.258068,0.819951
16,-0.102976,0.442922,0.818606
19,0.0,0.0,0.0
28,0.0,0.0,0.0
31,-0.141495,0.436499,0.798566
32,-0.175894,0.441964,0.903473
45,-0.0184659,0.348366,0.938743
51,-0.0415625,0.31076,0.970299
58,-0.0910976,0.22758,0.994694
60,0.0,0.0,0.0
63,-0.0569515,0.325973,0.878182
64,-0.185003,0.22472,0.841149
65,0.0,0.0,0.0
69,-0.147768,0.535403,0.837904
72,0.0,0.0,0.0
