track_id,X,Y,Z
2,-0.17606,0.671521,1.14532
3,-0.278259,0.216095,1.20974
9,0.0,0.0,0.0
16,-0.346336,0.286145,1.14834
18,-0.214153,0.54832,1.06455
22,0.0,0.0,0.0
30,0.0,0.0,0.0
32,-0.269621,0.555085,1.06694
33,0.0,0.0,0.0
51,0.0,0.0,0.0
57,-0.0290204,0.313886,1.25936
65,-0.0785517,0.199463,1.35313
69,-0.300734,0.386413,1.34634
73,-0.133578,0.348787,1.13021
74,-0.337876,0.236103,1.18736
75,0.0470162,0.350209,1.24364
