track_id,X,Y,Z
2,-0.166436,0.19321,0.787028
3,-0.0775763,0.559935,0.725754
9,0.0,0.0,0.0
10,-0.111241,0.445449,0.685837
13,0.0,0.0,0.0
16,0.0,0.0,0.0
18,-0.158304,0.446449,0.68268
19,-0.172274,0.455834,0.798915
22,0.0243161,0.331761,0.806196
23,0.0129754,0.286999,0.848282
28,-0.0360437,0.199237,0.910863
30,0.0,0.0,0.0
31,-0.0475272,0.304453,0.744529
32,-0.210762,0.20331,0.760444
33,0.0,0.0,0.0
45,-0.131247,0.569573,0.71919
