track_id,X,Y,Z
2,0.0,0.0,0.0
3,0.11758,0.197167,0.264344
9,0.0967561,0.235962,0.277102
10,0.0,0.0,0.0
13,0.13213,0.203042,0.246974
18,0.110552,0.208913,0.265191
23,0.0,0.0,0.0
30,0.124767,0.2065,0.250952
31,0.0,0.0,0.0
33,0.12696,0.205145,0.263298
45,0.107653,0.213129,0.286672
58,0.0,0.0,0.0
60,0.0,0.0,0.0
64,0.137514,0.196096,0.24752
65,0.0,0.0,0.0
67,0.114586,0.213821,0.282728
73,0.0690279,0.25455,0.294141
74,-0.840856,0.766893,0.997295
