track_id,X,Y,Z
2,-0.135914,0.155458,0.738403
3,0.0,0.0,0.0
9,-0.182511,0.20247,0.680795
10,-0.0714609,0.406618,0.658323
13,0.0,0.0,0.0
16,0.0,0.0,0.0
18,-0.122497,0.405014,0.648057
19,-0.121227,0.40136,0.746139
22,0.0,0.0,0.0
23,0.0478131,0.253363,0.823223
28,-0.0086678,0.161961,0.872323
30,0.0,0.0,0.0
31,-0.00845111,0.273013,0.720835
32,-0.183971,0.163531,0.70674
33,0.114811,0.282646,0.828315
45,-0.0986719,0.518548,0.688996
51,0.0,0.0,0.0
