track_id,X,Y,Z
2,-0.0553487,0.405556,1.06325
3,-0.0552421,0.404671,1.06278
9,0.0,0.0,0.0
16,0.0,0.0,0.0
18,-0.0550631,0.404867,1.06223
22,0.0,0.0,0.0
30,0.0,0.0,0.0
32,-0.0552207,0.40501,1.0625
33,-0.0603613,0.411888,1.07675
51,-0.0548896,0.404713,1.0623
57,-0.0549695,0.404784,1.06275
65,0.0,0.0,0.0
69,-1.22667,1.59369,4.53634
73,0.0,0.0,0.0
74,-0.0554079,0.404754,1.06301
75,-0.0548669,0.404772,1.06256
