track_id,X,Y,Z
2,0.0,0.0,0.0
3,-0.193144,1.26575,1.72316
9,-0.47632,0.833354,1.7147
10,-0.260814,1.10651,1.64782
13,-0.391513,0.98626,1.74652
16,0.0,0.0,0.0
18,-0.331488,1.12287,1.64723
19,0.0,0.0,0.0
22,-0.1034,0.900679,1.83672
23,-0.141881,0.835188,1.89384
28,-0.245399,0.709161,1.98398
30,0.0,0.0,0.0
31,0.0,0.0,0.0
32,-0.485155,0.77167,1.75243
33,-0.0439335,0.859339,1.89585
45,-0.262812,1.29578,1.71714
