track_id,X,Y,Z
2,0.0,0.0,0.0
3,0.0,0.0,0.0
9,-0.251379,0.652484,1.69206
19,-0.253977,0.631761,1.68196
22,-0.250478,0.641278,1.68091
30,0.0,0.0,0.0
33,0.0,0.0,0.0
51,-0.253876,0.6434,1.68475
57,-0.52097,0.978211,2.37712
60,-0.244201,0.635379,1.68522
64,-0.244837,0.633604,1.68827
73,-0.247439,0.630142,1.69492
75,-2.25095,2.42267,6.99342
76,-0.246932,0.633133,1.67947
78,-0.254436,0.630257,1.68426
79,0.0,0.0,0.0
