track_id,X,Y,Z
2,0.0,0.0,0.0
3,0.0,0.0,0.0
9,-0.0572494,0.495611,0.591818
13,0.0,0.0,0.0
16,-0.056659,0.426447,0.567159
19,-0.10356,0.35973,0.58725
28,0.0,0.0,0.0
31,-0.0840611,0.42059,0.5505
32,0.0,0.0,0.0
45,-0.00691992,0.376222,0.687269
51,-0.0269148,0.345274,0.707037
59,-0.0681343,0.280254,0.73157
64,0.0,0.0,0.0
65,-0.0319623,0.349265,0.632405
67,0.0,0.0,0.0
69,0.0086438,0.370779,0.72411
73,-0.0874622,0.495279,0.572757
75,-0.139842,0.424145,0.598025
