track_id,X,Y,Z
2,0.0,0.0,0.0
3,-0.242214,0.269398,1.0123
9,-0.170424,0.611194,0.983016
16,-0.270361,0.31386,0.955982
18,-0.178995,0.515656,0.947777
22,0.0,0.0,0.0
30,0.0,0.0,0.0
32,-0.218467,0.509126,0.926694
33,-0.265103,0.523173,1.05328
51,-0.0938916,0.411041,1.08314
56,0.0,0.0,0.0
59,-0.16798,0.278068,1.14766
63,0.0,0.0,0.0
64,0.0,0.0,0.0
65,-0.275956,0.277378,0.980188
67,-0.0611269,0.395022,1.12571
71,-0.215338,0.618959,0.968874
