track_id,X,Y,Z
2,-0.234573,0.574473,1.04062
3,-0.312883,0.209642,1.07928
9,-0.201019,0.59801,1.01752
22,0.0,0.0,0.0
23,-0.261509,0.476529,0.977345
31,0.0,0.0,0.0
45,0.0,0.0,0.0
57,-0.295161,0.47856,0.967111
58,0.0,0.0,0.0
64,-0.117067,0.337495,1.10351
65,0.0,0.0,0.0
75,-0.16193,0.194854,1.20898
79,-0.371613,0.351098,1.19077
81,-0.212443,0.320087,1.04662
83,0.0,0.0,0.0
84,-0.0652876,0.315099,1.15006
