track_id,X,Y,Z
2,0.0,0.0,0.0
3,-0.257436,0.200478,1.06703
9,-0.138691,0.679389,0.991248
13,0.0,0.0,0.0
14,-0.165559,0.553846,0.959386
18,0.0,0.0,0.0
19,-0.191604,0.6872,1.05728
23,0.0,0.0,0.0
30,-0.232481,0.548181,0.934875
31,0.0,0.0,0.0
33,0.00111766,0.390843,1.13887
45,-0.02234,0.328634,1.16737
57,0.0,0.0,0.0
59,-0.240314,0.366983,1.15752
60,-0.0858559,0.364889,1.0617
63,-0.317437,0.212093,1.02146
64,0.061824,0.362833,1.17691
67,-0.20637,0.692883,0.974429
