track_id,X,Y,Z
2,-0.239571,0.591671,1.23066
3,-0.296888,0.249511,1.23364
9,-0.224099,0.614717,1.21329
16,0.0,0.0,0.0
18,-0.252998,0.502213,1.16371
22,0.0,0.0,0.0
30,0.0,0.0,0.0
32,0.0,0.0,0.0
33,0.0,0.0,0.0
51,-0.117823,0.379078,1.2803
57,-0.130454,0.332784,1.31648
65,-0.169491,0.242276,1.35134
69,-0.334415,0.373026,1.33913
71,-0.194711,0.357799,1.22104
73,-0.336148,0.261276,1.20684
74,0.0,0.0,0.0
