track_id,X,Y,Z
2,-0.195902,0.256292,0.930071
3,-0.145864,0.516639,0.929506
9,-0.222289,0.287848,0.880488
10,0.0,0.0,0.0
13,0.0,0.0,0.0
16,-0.124762,0.447508,0.93133
18,-0.186205,0.437178,0.870707
19,-0.199092,0.430352,0.939862
22,-0.0652694,0.363792,1.00465
23,-0.0858232,0.32972,1.02849
28,-0.127703,0.261168,1.05162
30,0.0,0.0,0.0
31,-0.107797,0.34494,0.944898
32,0.0,0.0,0.0
33,0.0,0.0,0.0
45,0.0,0.0,0.0
51,0.0,0.0,0.0
