track_id,X,Y,Z
2,0.0,0.0,0.0
3,-0.140758,0.132053,0.753172
9,-0.0774412,0.475472,0.74721
10,0.0,0.0,0.0
13,-0.087503,0.374532,0.693566
18,0.0,0.0,0.0
23,0.0,0.0,0.0
30,-0.133348,0.374363,0.686012
31,-0.149903,0.370922,0.791171
33,0.0,0.0,0.0
45,0.00218557,0.226235,0.851347
58,-0.0488077,0.135224,0.886585
60,0.0,0.0,0.0
64,-0.0306233,0.245271,0.747814
65,-0.18053,0.141117,0.72531
67,0.0569351,0.257698,0.858852
71,-0.126809,0.481484,0.734317
73,0.0,0.0,0.0
