track_id,X,Y,Z
2,0.0,0.0,0.0
3,0.0,0.0,0.0
9,0.0,0.0,0.0
16,-2.73967,1.77677,7.55715
18,-2.31965,4.28243,9.03224
22,0.0,0.0,0.0
23,0.0,0.0,0.0
27,0.0,0.0,0.0
28,0.0,0.0,0.0
31,-2.59486,3.91467,8.2078
32,0.0,0.0,0.0
33,0.0,0.0,0.0
45,-0.775319,3.04112,10.3847
51,-0.812789,2.26364,9.63296
59,0.0,0.0,0.0
60,-1.05518,1.12911,8.10285
62,0.0,0.0,0.0
63,-1.7852,3.09479,10.9676
64,-2.66506,1.4098,7.5954
65,-0.258371,2.75253,10.3865
66,0.0,0.0,0.0
