track_id,X,Y,Z
2,-1.29476,1.29371,5.91648
3,-0.768478,3.36537,5.72868
9,-1.58585,1.63865,5.78513
10,-0.971706,2.80854,5.52465
13,0.0,0.0,0.0
14,0.0,0.0,0.0
15,0.0,0.0,0.0
16,0.0,0.0,0.0
18,-1.24553,2.80879,5.53797
19,0.0,0.0,0.0
20,0.0,0.0,0.0
22,-0.194329,1.94245,5.7891
23,-0.270437,1.66155,5.96368
27,0.0,0.0,0.0
28,-0.521674,1.14818,6.18065
30,0.0,0.0,0.0
31,0.0,0.0,0.0
32,-1.55778,1.39433,5.8544
33,0.0466473,1.80127,5.8823
35,0.0,0.0,0.0
