track_id,X,Y,Z
2,0.0,0.0,0.0
3,0.0,0.0,0.0
9,-0.0123399,0.0315611,0.0567169
22,-0.0159204,0.0101734,0.0429435
23,-0.0125529,0.0203714,0.0438246
31,0.0,0.0,0.0
45,0.0,0.0,0.0
57,-0.0161599,0.0229446,0.0492238
58,-0.119751,0.150363,0.368838
64,-0.00592334,0.0128222,0.0454073
65,-0.00669944,0.0112875,0.0504955
74,0.0,0.0,0.0
76,-1.66534,1.32908,4.95534
78,-0.00924958,0.0113671,0.0405125
79,-0.0158413,0.00835486,0.0441864
80,-0.00374439,0.0119338,0.0480625
