track_id,X,Y,Z
2,-0.199599,0.338278,0.924328
3,0.0,0.0,0.0
9,-0.216428,0.378172,0.87813
10,0.0,0.0,0.0
13,-0.199642,0.462355,0.906148
16,-0.120991,0.542079,0.926959
18,-0.171816,0.53683,0.869356
19,0.0,0.0,0.0
22,0.0,0.0,0.0
23,-0.106278,0.414291,1.02255
28,-0.158559,0.338956,1.04854
30,0.0,0.0,0.0
31,0.0,0.0,0.0
32,0.0,0.0,0.0
33,-0.064473,0.437681,1.03992
45,-0.178113,0.625139,0.911786
51,-0.250598,0.545978,0.944014
