track_id,X,Y,Z
2,0.0,0.0,0.0
3,-0.123903,0.109975,0.586371
9,-0.0512007,0.429648,0.552197
13,-0.156626,0.151555,0.536583
16,-0.0646753,0.328297,0.507867
19,0.0,0.0,0.0
28,0.0,0.0,0.0
31,-0.104759,0.329979,0.501618
32,-0.125636,0.336841,0.600558
45,0.026594,0.235336,0.625703
51,0.0,0.0,0.0
59,0.0,0.0,0.0
64,0.0,0.0,0.0
65,-0.0213319,0.208487,0.562137
67,-0.158503,0.117276,0.560221
69,0.0623797,0.22199,0.666222
74,-0.0945388,0.437458,0.541753
