track_id,X,Y,Z
2,0.0,0.0,0.0
3,-0.130266,0.152847,0.68567
9,-0.0760142,0.440656,0.676045
13,0.0,0.0,0.0
16,-0.0828462,0.355556,0.635161
19,0.0,0.0,0.0
28,0.0,0.0,0.0
31,0.0,0.0,0.0
32,-0.138632,0.351471,0.705987
45,0.00429192,0.274944,0.752974
51,-0.0142857,0.236887,0.780312
59,-0.060238,0.161425,0.805561
64,0.0,0.0,0.0
65,-0.0381495,0.249801,0.692459
67,-0.16179,0.157859,0.657007
69,0.0337483,0.263389,0.791501
73,-0.115066,0.444546,0.658073
76,0.0,0.0,0.0
