track_id,X,Y,Z
2,0.0,0.0,0.0
3,-0.0410797,0.323967,0.8594
9,0.0,0.0,0.0
16,0.0,0.0,0.0
18,-0.039737,0.324632,0.856127
22,0.0,0.0,0.0
30,0.0,0.0,0.0
32,-0.0404832,0.325313,0.857361
33,-0.0943732,0.392925,0.994822
51,-0.0392747,0.324224,0.85732
57,-0.039987,0.324813,0.860318
64,0.0,0.0,0.0
67,-1.24101,1.45089,4.1019
69,0.0,0.0,0.0
73,-0.041961,0.324422,0.860543
74,-0.0393192,0.324654,0.859073
76,-0.0428936,0.330467,0.864247
