track_id,X,Y,Z
2,0.0,0.0,0.0
3,-0.131939,0.106567,0.619598
9,-0.0544379,0.408591,0.602096
13,-0.166194,0.14513,0.568083
16,-0.0744476,0.31737,0.558107
19,0.0,0.0,0.0
28,0.0,0.0,0.0
31,-0.11357,0.316729,0.545244
32,-0.125052,0.311478,0.629744
45,0.0,0.0,0.0
51,0.0,0.0,0.0
59,-0.038968,0.110231,0.74674
64,0.0,0.0,0.0
65,-0.0298703,0.203537,0.614981
67,-0.166959,0.113474,0.591551
69,0.0637431,0.212879,0.716636
74,-0.0965001,0.413694,0.585547
