track_id,X,Y,Z
0,-0.0991482,0.460558,1.05962
2,0.0,0.0,0.0
3,0.0,0.0,0.0
9,0.0,0.0,0.0
16,0.0,0.0,0.0
18,-0.0726008,0.411879,0.984167
22,-0.104115,0.43616,1.06366
30,0.0,0.0,0.0
32,-0.0759693,0.413859,0.988332
33,-0.022385,0.347075,0.842639
51,-0.0774668,0.425581,1.0432
57,-0.091393,0.440138,1.11209
65,-1.4366,1.61861,7.19924
69,-0.0283928,0.363762,0.854044
71,0.0,0.0,0.0
73,0.0,0.0,0.0
74,-0.0803574,0.438946,1.09397
