track_id,X,Y,Z
2,0.0,0.0,0.0
3,-0.274847,0.580313,1.7876
9,-0.275272,0.577721,1.78743
19,-0.274463,0.579903,1.78759
22,-0.275541,0.579321,1.78939
30,0.0,0.0,0.0
33,0.0,0.0,0.0
51,-0.275034,0.578906,1.78855
57,-0.248814,0.547081,1.71492
59,0.0,0.0,0.0
60,-0.27613,0.580156,1.78841
73,-0.27534,0.580131,1.78521
75,-2.34966,2.34158,7.82949
76,-0.275989,0.580297,1.78989
79,-0.274275,0.580033,1.78689
81,-0.276404,0.580041,1.78864
