track_id,X,Y,Z
2,0.0,0.0,0.0
3,-0.199598,0.338277,0.924325
9,0.0,0.0,0.0
10,-0.216427,0.378171,0.878128
13,0.0,0.0,0.0
18,-0.199641,0.462353,0.906145
23,-0.120991,0.542078,0.926956
30,-0.171815,0.536829,0.869353
31,0.0,0.0,0.0
33,0.0,0.0,0.0
45,-0.106278,0.41429,1.02255
58,-0.158558,0.338955,1.04854
60,0.0,0.0,0.0
64,0.0,0.0,0.0
65,0.0,0.0,0.0
67,-0.064473,0.43768,1.03992
71,-0.178113,0.625138,0.911783
73,-0.250597,0.545977,0.944011
