track_id,X,Y,Z
2,0.0,0.0,0.0
3,0.0,0.0,0.0
9,-2.73963,1.77677,7.55711
10,-2.31963,4.28239,9.03218
13,0.0,0.0,0.0
14,0.0,0.0,0.0
15,0.0,0.0,0.0
16,0.0,0.0,0.0
18,-2.59484,3.91463,8.20776
19,0.0,0.0,0.0
20,0.0,0.0,0.0
22,-0.77533,3.0411,10.3846
23,-0.812801,2.26364,9.6329
27,0.0,0.0,0.0
28,-1.05519,1.12913,8.1028
30,0.0,0.0,0.0
31,-1.78519,3.09477,10.9675
32,-2.66503,1.4098,7.59536
33,-0.258393,2.75251,10.3865
35,0.0,0.0,0.0
