track_id,X,Y,Z
2,0.0,0.0,0.0
3,-0.0622562,0.480685,0.567733
9,-0.15019,0.214403,0.559475
10,-0.0694513,0.388483,0.536153
13,0.0,0.0,0.0
16,0.0,0.0,0.0
18,-0.106692,0.385077,0.522665
19,0.0,0.0,0.0
22,0.0169836,0.314769,0.670364
23,0.00260448,0.277506,0.695723
28,0.0,0.0,0.0
30,0.0,0.0,0.0
31,-0.0257431,0.283165,0.608851
32,-0.15158,0.182196,0.582506
33,0.0501413,0.303304,0.708747
45,-0.102436,0.48374,0.551885
