track_id,X,Y,Z
2,0.0,0.0,0.0
3,-0.155038,0.130388,0.822606
9,0.0,0.0,0.0
10,0.0,0.0,0.0
13,0.0,0.0,0.0
18,0.0,0.0,0.0
23,-0.114775,0.314299,0.835333
30,-0.165541,0.297654,0.772361
31,0.0,0.0,0.0
33,-0.0620336,0.246094,0.906395
45,0.0,0.0,0.0
58,-0.100059,0.143509,0.940812
60,-0.164586,0.202346,0.865299
64,-0.0874811,0.223858,0.848312
65,-0.180362,0.13154,0.791317
67,-0.0315958,0.240816,0.946054
73,-0.173045,0.371074,0.808299
74,0.0,0.0,0.0
