track_id,X,Y,Z
2,-0.17549,0.203696,0.745262
3,-0.106231,0.524249,0.715183
9,0.0,0.0,0.0
10,-0.120649,0.426335,0.673729
13,0.0,0.0,0.0
16,0.0,0.0,0.0
18,-0.159551,0.424986,0.66315
19,0.0,0.0,0.0
22,-0.0267402,0.3372,0.804293
23,-0.0438006,0.295807,0.838273
28,-0.0902355,0.214552,0.873063
30,0.0,0.0,0.0
31,-0.0735577,0.307452,0.738999
32,-0.20972,0.209649,0.715971
33,0.00936309,0.324351,0.845479
45,-0.148309,0.52858,0.698705
