track_id,X,Y,Z
2,-0.158966,0.69746,1.02489
3,-0.239614,0.338448,1.05657
9,0.0,0.0,0.0
16,-0.271981,0.386695,0.991371
18,-0.161085,0.595574,0.95052
22,0.0,0.0,0.0
30,0.0,0.0,0.0
32,-0.207692,0.596662,0.9411
33,-0.252936,0.627424,1.09045
51,0.0,0.0,0.0
57,0.0,0.0,0.0
60,-0.15001,0.354511,1.21303
65,0.0,0.0,0.0
67,-0.112953,0.455786,1.0322
69,-0.278709,0.346571,1.02212
71,-0.0263483,0.478103,1.16425
74,0.0,0.0,0.0
