track_id,X,Y,Z
2,0.0,0.0,0.0
3,-0.929268,0.501333,2.9658
9,-0.570853,1.46787,2.62051
18,-1.06525,0.679841,2.87436
19,-0.736088,1.19253,2.56827
23,-0.818505,0.78125,2.39487
27,0.0,0.0,0.0
28,0.0,0.0,0.0
30,0.0,0.0,0.0
32,-0.864155,1.22579,2.63277
33,0.0,0.0,0.0
35,0.0,0.0,0.0
51,-0.358549,0.765862,2.7409
56,0.0,0.0,0.0
60,0.0,0.0,0.0
61,-0.491353,0.430218,3.19018
63,0.0,0.0,0.0
64,-0.607068,0.737599,2.65378
65,-1.05859,0.570126,2.95946
66,-0.220139,0.698327,2.822
