track_id,X,Y,Z
2,-0.501175,0.319165,2.07908
3,-0.286128,1.30349,1.83085
9,0.0,0.0,0.0
10,-0.440664,1.00023,1.7668
13,0.0,0.0,0.0
16,0.0,0.0,0.0
18,-0.566194,1.00414,1.78862
19,0.0,0.0,0.0
22,0.0536075,0.647867,1.95064
23,0.0632423,0.521726,2.07662
28,0.0,0.0,0.0
30,-0.44434,0.639191,2.25632
31,0.0,0.0,0.0
32,-0.644639,0.3559,2.05334
33,0.225864,0.594467,2.01329
