track_id,X,Y,Z
2,-0.0660831,0.526441,0.73077
3,-0.125746,0.241287,0.772188
9,0.0,0.0,0.0
13,-0.155796,0.279423,0.719005
16,-0.0706524,0.451397,0.683937
19,0.0,0.0,0.0
28,0.0,0.0,0.0
31,-0.111254,0.451723,0.676695
32,-0.133802,0.461789,0.771835
45,0.0,0.0,0.0
51,-0.000659731,0.332039,0.846359
59,-0.0512355,0.256496,0.900065
64,0.0,0.0,0.0
65,-0.0243736,0.338479,0.744937
67,-0.160621,0.247294,0.745159
69,0.0491366,0.358247,0.850775
74,0.0,0.0,0.0
76,0.0,0.0,0.0
