track_id,X,Y,Z
2,0.0,0.0,0.0
3,-0.166436,0.19321,0.787027
9,-0.0775762,0.559934,0.725753
16,0.0,0.0,0.0
18,-0.11124,0.445448,0.685836
22,0.0,0.0,0.0
30,0.0,0.0,0.0
32,-0.158304,0.446449,0.682678
33,-0.172274,0.455834,0.798914
51,0.0243162,0.331761,0.806195
57,0.0129754,0.286999,0.848281
65,-0.0360436,0.199237,0.910861
69,0.0,0.0,0.0
73,-0.047527,0.304453,0.744528
74,-0.210762,0.20331,0.760443
75,0.0,0.0,0.0
81,-0.131247,0.569572,0.719189
