track_id,X,Y,Z
2,-0.167589,0.157789,0.706905
3,-0.0996989,0.442121,0.683805
9,-0.195744,0.19378,0.657808
10,0.0,0.0,0.0
13,0.0,0.0,0.0
16,0.0,0.0,0.0
18,-0.146897,0.353008,0.63181
19,-0.17226,0.352877,0.713971
22,0.0,0.0,0.0
23,0.0,0.0,0.0
28,-0.0943969,0.16194,0.829275
30,0.0,0.0,0.0
31,-0.0739165,0.246798,0.699265
32,-0.197266,0.164656,0.680563
33,-0.00321716,0.257953,0.79916
45,-0.13734,0.448122,0.667745
