track_id,X,Y,Z
2,0.0,0.0,0.0
3,-0.246794,0.879177,2.33996
9,-0.249615,0.855881,2.32716
10,-0.242799,0.861043,2.31551
13,0.0,0.0,0.0
16,0.0,0.0,0.0
18,-0.24721,0.86542,2.32435
19,-0.489734,1.24928,3.16983
22,0.0,0.0,0.0
23,-0.239277,0.857719,2.33207
28,-0.244082,0.857108,2.35366
30,-2.49691,3.47852,10.5481
31,0.0,0.0,0.0
32,-0.250166,0.85454,2.33074
33,-0.236293,0.857849,2.32741
