track_id,X,Y,Z
2,-0.205227,0.649182,1.13213
3,-0.340727,0.15695,1.15849
9,-0.167316,0.681242,1.09737
19,-0.402089,0.245562,1.09423
22,-0.258539,0.529942,1.04282
30,0.0,0.0,0.0
33,0.0,0.0,0.0
51,0.0,0.0,0.0
57,0.0,0.0,0.0
60,-0.0521055,0.310556,1.16167
64,-0.0600715,0.238182,1.21201
74,-0.112578,0.1078,1.28356
76,0.0,0.0,0.0
79,-0.19089,0.303095,1.1019
81,-0.401174,0.18563,1.12977
83,0.0,0.0,0.0
