track_id,X,Y,Z
2,-0.215342,0.427634,1.45423
3,0.0,0.0,0.0
9,-0.216098,0.428636,1.45378
10,-0.214336,0.43156,1.45243
13,0.0,0.0,0.0
16,0.0,0.0,0.0
18,-0.215887,0.432793,1.45462
19,-0.312196,0.548357,1.69302
22,0.0,0.0,0.0
23,-0.212589,0.428922,1.45536
28,-0.213685,0.427815,1.45807
30,-1.92465,1.88002,5.74172
31,-0.212999,0.428492,1.45133
32,-0.216431,0.428166,1.45492
33,-0.211657,0.429244,1.45486
