track_id,X,Y,Z
2,0.0,0.0,0.0
3,-0.264253,0.598491,1.81279
9,-0.264179,0.600511,1.81357
19,-0.264474,0.598735,1.81275
22,-0.263999,0.599331,1.81216
30,0.0,0.0,0.0
33,0.0,0.0,0.0
51,-0.264336,0.599616,1.81272
57,-1.82268,2.72792,6.3996
59,0.0,0.0,0.0
60,0.0,0.0,0.0
71,-0.263892,0.598624,1.81406
74,-2.12042,2.43409,7.53951
75,-0.263689,0.598638,1.81187
76,-0.264514,0.598614,1.813
78,-0.263375,0.598886,1.81285
