track_id,X,Y,Z
2,-0.1558,0.410565,1.13256
3,-0.155075,0.416722,1.13351
9,0.0,0.0,0.0
10,-0.154573,0.413333,1.12981
13,0.0,0.0,0.0
16,0.0,0.0,0.0
18,-0.155813,0.414274,1.1316
19,-0.200052,0.464322,1.23993
22,-0.152761,0.411421,1.13004
23,0.0,0.0,0.0
28,-0.154397,0.41074,1.13598
30,-1.60077,1.56633,4.74409
31,-0.153426,0.410931,1.12869
32,-0.156798,0.411029,1.1333
33,0.0,0.0,0.0
