track_id,X,Y,Z
2,0.0,0.0,0.0
3,-2.74545,1.63843,9.32349
9,-1.19405,3.28572,5.87936
19,0.0,0.0,0.0
22,0.0,0.0,0.0
30,-1.00516,1.02095,3.17046
31,-0.359233,0.697101,1.42966
33,0.0,0.0,0.0
51,-1.96364,2.97978,6.36445
56,0.0,0.0,0.0
59,-0.619681,1.55051,5.48713
60,-0.840884,1.69516,7.25487
68,-1.5426,1.58432,10.9794
70,0.0,0.0,0.0
71,0.0,0.0,0.0
72,-3.30328,1.92582,9.75188
73,-0.367753,1.43712,5.69919
