track_id,X,Y,Z
2,0.0,0.0,0.0
3,-0.146393,0.155661,0.628032
9,-0.0801859,0.443286,0.592731
16,-0.172549,0.192292,0.579823
18,0.0,0.0,0.0
22,0.0,0.0,0.0
30,0.0,0.0,0.0
32,-0.122858,0.350996,0.546391
33,-0.158793,0.362718,0.636858
51,-0.0181016,0.269374,0.670991
57,-0.0358908,0.236149,0.704205
64,0.0,0.0,0.0
67,0.0,0.0,0.0
69,-0.0505498,0.242824,0.609143
73,-0.174902,0.162081,0.601783
74,0.0100218,0.258657,0.710962
76,-0.118794,0.451268,0.580025
