track_id,X,Y,Z
2,-0.374576,0.359489,1.33592
3,0.0,0.0,0.0
9,-0.419236,0.420269,1.28163
10,0.0,0.0,0.0
13,0.0,0.0,0.0
14,-0.290019,0.746976,1.37381
16,-0.237969,0.640969,1.32564
18,-0.335225,0.647907,1.26536
19,-0.336049,0.652305,1.41142
22,0.0,0.0,0.0
23,-0.175457,0.44003,1.42386
28,-0.241362,0.341209,1.45181
30,0.0,0.0,0.0
31,-0.225297,0.483758,1.34384
32,-0.423222,0.375539,1.3021
33,-0.102044,0.464517,1.43006
45,0.0,0.0,0.0
