track_id,X,Y,Z
2,-1.72272,5.14542,7.53252
3,-2.76938,1.75958,10.5336
9,0.0,0.0,0.0
18,0.0,0.0,0.0
19,-2.64626,5.22478,9.00163
28,0.0,0.0,0.0
30,-1.60589,4.56397,6.49547
32,0.0,0.0,0.0
45,0.0,0.0,0.0
51,-1.52519,3.10126,5.95604
57,-0.48385,3.76863,10.2098
58,-0.454859,3.13664,10.7356
65,-0.695118,1.73559,10.7787
68,-1.54643,1.93605,6.93517
69,0.0,0.0,0.0
70,-3.33221,1.82153,10.1524
71,0.199897,3.51879,10.272
