track_id,X,Y,Z
2,-0.404685,0.859265,1.63325
3,-2.01141,1.08528,6.41981
9,-0.762841,1.95622,3.49647
19,-2.21427,1.41327,5.97447
22,0.0,0.0,0.0
30,0.0,0.0,0.0
31,0.0,0.0,0.0
33,0.0,0.0,0.0
51,-1.26152,1.79551,3.84358
56,-0.278129,0.347294,0.856373
59,-0.487684,1.04241,3.73436
60,-0.663063,1.13062,5.01584
68,-1.38033,1.20755,8.96459
70,0.0,0.0,0.0
71,0.0,0.0,0.0
72,-2.40759,1.29462,6.73412
73,-0.341326,1.07899,4.35304
