track_id,X,Y,Z
2,0.0,0.0,0.0
3,-0.323033,0.357542,1.27425
9,-0.232886,0.736667,1.24604
16,-0.36021,0.410509,1.21785
18,-0.248226,0.628544,1.20317
22,0.0,0.0,0.0
30,0.0,0.0,0.0
32,-0.293069,0.624303,1.1836
33,-0.345007,0.645672,1.3396
51,-0.150579,0.505097,1.34414
56,-0.172931,0.45981,1.38507
60,-0.231615,0.359384,1.41999
64,0.0,0.0,0.0
65,0.0,0.0,0.0
67,-0.36214,0.369275,1.24246
69,-0.110997,0.485202,1.38769
72,-0.285457,0.750846,1.23666
