track_id,X,Y,Z
2,0.0,0.0,0.0
3,-0.149976,0.681571,1.2625
9,-0.298502,0.262097,1.21392
10,-0.160609,0.548654,1.20188
13,0.0,0.0,0.0
14,0.0,0.0,0.0
16,0.0,0.0,0.0
18,-0.226544,0.547764,1.18706
19,0.0,0.0,0.0
22,-0.0138817,0.374339,1.3619
23,0.0,0.0,0.0
28,-0.128854,0.184771,1.45304
30,-0.247645,0.357271,1.41607
31,-0.0858089,0.351395,1.27324
32,-0.305526,0.20782,1.24441
33,0.0296964,0.347969,1.40851
45,-0.222202,0.70458,1.26093
51,0.0,0.0,0.0
