track_id,X,Y,Z
2,0.0,0.0,0.0
3,0.114774,0.264534,0.410946
9,0.0895436,0.338673,0.422191
10,0.0,0.0,0.0
13,0.138757,0.289609,0.383026
18,0.0903026,0.297724,0.419922
23,0.0,0.0,0.0
30,0.0,0.0,0.0
31,0.0,0.0,0.0
33,0.121054,0.294948,0.430546
45,0.0748679,0.310686,0.481918
57,0.0,0.0,0.0
59,0.0,0.0,0.0
60,0.147802,0.272713,0.391104
63,0.0,0.0,0.0
64,0.0908322,0.314302,0.476393
67,0.0567235,0.357653,0.436402
69,-0.931152,0.89268,1.1528
