track_id,X,Y,Z
0,-0.0670192,0.21278,0.859113
2,-0.30103,0.632732,1.21528
3,0.0,0.0,0.0
9,0.0,0.0,0.0
22,0.0,0.0,0.0
23,-0.229048,0.371377,0.7997
31,0.0,0.0,0.0
45,0.0,0.0,0.0
57,-0.289094,0.41004,0.880588
58,-0.865777,1.09448,2.66834
64,-0.10552,0.22839,0.808887
65,-0.119495,0.201385,0.900796
75,0.0,0.0,0.0
79,-1.55201,1.23943,4.61828
81,-0.16728,0.206659,0.733284
83,-0.314193,0.16499,0.876113
