track_id,X,Y,Z
2,-0.120966,0.121296,0.658588
3,-0.0548659,0.447626,0.63977
9,0.0,0.0,0.0
10,-0.0693001,0.350962,0.59325
13,0.0,0.0,0.0
16,0.0,0.0,0.0
18,-0.113757,0.350075,0.584766
19,-0.123579,0.346773,0.676816
22,0.0338785,0.254887,0.710383
23,0.023313,0.211024,0.741539
28,-0.0244457,0.125568,0.784245
30,0.0,0.0,0.0
31,-0.0136401,0.22917,0.644571
32,-0.160598,0.129553,0.630677
33,0.0,0.0,0.0
45,-0.102635,0.453137,0.627748
51,0.0,0.0,0.0
