track_id,X,Y,Z
2,-0.123904,0.109975,0.586373
3,-0.051201,0.429648,0.552199
9,-0.156627,0.151555,0.536585
10,-0.0646757,0.328298,0.507868
13,0.0,0.0,0.0
16,0.0,0.0,0.0
18,-0.104759,0.329979,0.50162
19,-0.125636,0.336842,0.60056
22,0.026594,0.235336,0.625704
23,0.0,0.0,0.0
28,0.0,0.0,0.0
30,0.0,0.0,0.0
31,-0.0213321,0.208487,0.562139
32,-0.158504,0.117276,0.560223
33,0.0623798,0.22199,0.666224
45,-0.0945392,0.437459,0.541755
