track_id,X,Y,Z
2,-0.335569,0.513776,1.77081
3,-0.207399,1.18099,1.68452
9,-0.423485,0.605051,1.70168
10,-0.250315,0.970004,1.60926
13,0.0,0.0,0.0
16,0.0,0.0,0.0
18,-0.33588,0.968603,1.60843
19,-0.438921,1.12511,2.04981
22,-0.00922479,0.739061,1.76528
23,-0.0364444,0.676625,1.86886
28,-0.116639,0.52091,1.96498
30,0.0,0.0,0.0
31,-0.135407,0.696075,1.67643
32,-0.416435,0.537735,1.74592
33,0.0,0.0,0.0
