track_id,X,Y,Z
2,-0.262388,0.334696,1.21723
3,0.0,0.0,0.0
9,-0.310536,0.391572,1.15592
10,-0.188415,0.636972,1.12682
13,0.0,0.0,0.0
16,0.0,0.0,0.0
18,-0.242201,0.630651,1.10855
19,-0.283911,0.655465,1.27584
22,-0.0539818,0.498604,1.27067
23,-0.0767119,0.448857,1.31827
28,-0.139981,0.340104,1.36333
30,0.0,0.0,0.0
31,-0.122759,0.470457,1.19834
32,-0.310137,0.346856,1.18428
33,0.0,0.0,0.0
45,-0.222246,0.767249,1.15606
