track_id,X,Y,Z
2,-0.47139,2.17841,3.11941
3,-0.642739,0.950472,3.17367
9,0.0,0.0,0.0
16,-0.818293,1.11608,3.04756
18,-0.515078,1.73073,2.74465
22,0.0,0.0,0.0
30,0.0,0.0,0.0
32,-0.67528,1.76741,2.81979
33,-0.78664,2.09794,3.69274
51,0.0,0.0,0.0
57,0.0,0.0,0.0
65,-0.19746,0.989346,3.55271
69,0.0,0.0,0.0
71,-0.292655,1.2607,2.88488
73,-0.797247,0.990005,3.13862
74,0.109269,1.33795,3.2044
