track_id,X,Y,Z
2,0.0,0.0,0.0
3,-0.262388,0.334697,1.21723
9,0.0,0.0,0.0
16,-0.310535,0.391573,1.15592
18,-0.188415,0.636971,1.12682
22,0.0,0.0,0.0
30,0.0,0.0,0.0
32,-0.2422,0.630651,1.10855
33,-0.28391,0.655464,1.27584
51,-0.0539825,0.498604,1.27067
56,-0.0767126,0.448857,1.31827
60,-0.139981,0.340105,1.36333
64,0.0,0.0,0.0
65,-0.122759,0.470457,1.19834
67,-0.310136,0.346856,1.18428
69,0.0,0.0,0.0
72,-0.222245,0.767248,1.15606
