track_id,X,Y,Z
2,-0.152968,0.218222,0.871008
3,-0.103826,0.528501,0.852165
9,-0.179916,0.258068,0.819951
10,-0.102976,0.442922,0.818606
13,0.0,0.0,0.0
16,0.0,0.0,0.0
18,-0.141495,0.436498,0.798566
19,-0.175893,0.441964,0.903472
22,-0.0184658,0.348366,0.938742
23,-0.0415623,0.31076,0.970298
28,-0.0910975,0.22758,0.994693
30,0.0,0.0,0.0
31,-0.0569514,0.325972,0.878181
32,-0.185003,0.224719,0.841148
33,0.0,0.0,0.0
45,-0.147768,0.535403,0.837903
51,0.0,0.0,0.0
