track_id,X,Y,Z
2,-0.163146,0.225138,0.872295
3,-0.114982,0.526467,0.851184
9,-0.189366,0.263042,0.821803
10,-0.115015,0.443172,0.820224
13,0.0,0.0,0.0
16,0.0,0.0,0.0
18,-0.15032,0.436396,0.799334
19,-0.185782,0.44233,0.900287
22,0.0,0.0,0.0
23,-0.0551054,0.315974,0.969425
28,-0.103126,0.235372,0.992696
30,0.0,0.0,0.0
31,-0.0698149,0.329892,0.88026
32,-0.194253,0.230904,0.842576
33,0.0,0.0,0.0
45,-0.155494,0.532372,0.835573
51,0.0,0.0,0.0
