track_id,X,Y,Z
2,0.0,0.0,0.0
3,0.0,0.0,0.0
9,-0.193143,1.26575,1.72316
16,-0.476321,0.833356,1.71471
18,-0.260814,1.10651,1.64782
22,-0.391513,0.986261,1.74652
30,0.0,0.0,0.0
32,-0.331488,1.12287,1.64724
33,0.0,0.0,0.0
51,-0.1034,0.900679,1.83672
57,-0.141881,0.835188,1.89385
64,-0.2454,0.709161,1.98398
67,0.0,0.0,0.0
69,0.0,0.0,0.0
71,-0.485156,0.771671,1.75243
73,-0.0439335,0.859339,1.89585
75,-0.262811,1.29578,1.71714
