track_id,X,Y,Z
2,0.0,0.0,0.0
3,-0.218461,0.10618,0.839161
9,-0.0747222,0.628249,0.71675
16,-0.295863,0.183212,0.779043
18,0.0,0.0,0.0
22,0.0,0.0,0.0
30,0.0,0.0,0.0
32,0.0,0.0,0.0
33,-0.215472,0.491519,0.873989
51,0.0722955,0.272672,0.778797
57,0.0585783,0.211052,0.862927
65,0.0,0.0,0.0
69,-0.211409,0.289504,0.971935
73,-0.0496317,0.247098,0.720927
74,-0.288689,0.128082,0.824494
75,0.0,0.0,0.0
86,-0.150059,0.653849,0.72685
