track_id,X,Y,Z
2,-0.128551,0.617324,0.850643
3,-0.217339,0.253339,0.909602
9,0.0,0.0,0.0
16,-0.262091,0.304004,0.845258
18,-0.148457,0.523474,0.792717
22,0.0,0.0,0.0
30,0.0,0.0,0.0
32,-0.198284,0.524105,0.786399
33,-0.212886,0.535245,0.909101
51,-0.0187041,0.409369,0.939642
57,-0.0365229,0.361108,0.989008
60,-0.0916992,0.265157,1.05765
65,0.0,0.0,0.0
67,-0.0870152,0.374377,0.86613
69,-0.264168,0.262396,0.878137
73,0.0313657,0.392525,0.988166
75,0.0,0.0,0.0
