track_id,X,Y,Z
2,-0.22105,0.186788,0.954369
3,0.0,0.0,0.0
9,-0.287443,0.244109,0.89046
10,-0.152237,0.495308,0.839566
13,0.0,0.0,0.0
16,0.0,0.0,0.0
18,-0.210947,0.495209,0.833413
19,-0.209618,0.492739,0.963961
22,0.0,0.0,0.0
23,0.0208315,0.294929,1.0313
28,-0.0368451,0.188199,1.10332
30,0.0,0.0,0.0
31,-0.0716511,0.323192,0.910892
32,-0.278643,0.20015,0.924109
33,0.102125,0.332947,1.02455
45,-0.162847,0.641029,0.879561
