track_id,X,Y,Z
2,0.0,0.0,0.0
3,-0.0362442,0.48991,0.50787
9,0.0510966,0.262677,0.414965
10,0.0985805,0.33082,0.381963
13,-0.00632224,0.343747,0.470657
16,0.0,0.0,0.0
18,0.0629904,0.344377,0.393728
19,0.0,0.0,0.0
22,0.0629554,0.345885,0.517785
23,-0.00448117,0.361109,0.600707
28,0.0,0.0,0.0
30,0.0,0.0,0.0
31,0.124352,0.279489,0.406394
32,0.0243453,0.257013,0.44692
33,0.0,0.0,0.0
45,-0.110352,0.535334,0.538371
51,-0.642679,0.795829,0.969289
