track_id,X,Y,Z
0,-0.234528,0.85752,1.33876
2,0.0,0.0,0.0
3,-0.293078,0.439444,1.41052
9,-0.176997,0.839752,1.34161
16,-0.343787,0.497138,1.35542
18,0.0,0.0,0.0
22,0.0,0.0,0.0
30,0.0,0.0,0.0
32,0.0,0.0,0.0
33,-0.295789,0.73796,1.43968
51,-0.0719826,0.574321,1.4135
57,-0.0908653,0.528071,1.46635
65,-0.146665,0.43203,1.54164
69,0.0,0.0,0.0
73,-0.15752,0.551891,1.35132
74,-0.342297,0.45361,1.38573
75,-0.0203805,0.553079,1.45663
