track_id,X,Y,Z
2,-0.140759,0.132053,0.753174
3,-0.0774414,0.475473,0.747212
9,0.0,0.0,0.0
10,-0.0875033,0.374533,0.693568
13,0.0,0.0,0.0
16,0.0,0.0,0.0
18,-0.133348,0.374364,0.686014
19,-0.149903,0.370923,0.791173
22,0.0,0.0,0.0
23,0.00218558,0.226235,0.851349
28,-0.0488078,0.135224,0.886587
30,0.0,0.0,0.0
31,-0.0306235,0.245271,0.747816
32,-0.180531,0.141117,0.725312
33,0.0569353,0.257698,0.858854
45,-0.126809,0.481485,0.734319
51,0.0,0.0,0.0
