track_id,X,Y,Z
2,0.0,0.0,0.0
3,-0.0123399,0.0315609,0.0567166
9,-0.0159203,0.0101733,0.0429433
10,-0.0125528,0.0203713,0.0438244
13,0.0,0.0,0.0
16,0.0,0.0,0.0
18,-0.0161599,0.0229445,0.0492235
19,-0.119751,0.150363,0.368836
22,-0.00592331,0.0128221,0.0454071
23,-0.00669941,0.0112874,0.0504953
28,0.0,0.0,0.0
30,-1.66534,1.32908,4.95533
31,-0.00924954,0.0113671,0.0405123
32,-0.0158412,0.00835482,0.0441862
33,-0.00374438,0.0119337,0.0480623
