track_id,X,Y,Z
2,0.0,0.0,0.0
3,-0.586139,0.682793,2.55833
9,-0.336301,1.50064,2.46448
16,-0.700036,0.810692,2.47733
18,0.0,0.0,0.0
22,0.0,0.0,0.0
30,0.0,0.0,0.0
32,0.0,0.0,0.0
33,-0.539701,1.30713,2.7425
51,-0.119452,0.953493,2.56151
56,-0.14575,0.851134,2.65396
63,-0.254773,0.638687,2.74377
65,0.0,0.0,0.0
67,-0.313086,0.931422,2.4805
69,-0.690743,0.718168,2.52185
71,-0.00618958,0.89566,2.61201
