track_id,X,Y,Z
2,-0.110369,0.121146,0.61091
3,-0.0578719,0.390854,0.596743
9,-0.137828,0.15371,0.562944
10,0.0,0.0,0.0
13,0.0,0.0,0.0
16,0.0,0.0,0.0
18,-0.0995207,0.306987,0.543818
19,-0.116266,0.302731,0.617625
22,0.0192564,0.23382,0.668056
23,0.0,0.0,0.0
28,-0.0407221,0.128979,0.729046
30,0.0,0.0,0.0
31,-0.0223522,0.211162,0.611643
32,-0.140992,0.125864,0.583981
33,0.0484597,0.223837,0.707353
45,-0.094957,0.394337,0.579179
51,0.0,0.0,0.0
