track_id,X,Y,Z
2,-0.146393,0.155662,0.628032
3,-0.0801863,0.443286,0.592732
9,-0.172549,0.192293,0.579823
10,0.0,0.0,0.0
13,0.0,0.0,0.0
16,0.0,0.0,0.0
18,-0.122859,0.350996,0.546392
19,-0.158793,0.362718,0.636859
22,-0.0181022,0.269374,0.670992
23,-0.0358913,0.236149,0.704206
28,0.0,0.0,0.0
30,0.0,0.0,0.0
31,-0.0505501,0.242824,0.609144
32,-0.174902,0.162081,0.601783
33,0.0100211,0.258657,0.710963
45,-0.118795,0.451268,0.580025
