track_id,X,Y,Z
2,-0.13428,0.156211,0.757131
3,-0.0815604,0.481106,0.729854
9,-0.171396,0.200959,0.709548
10,0.0,0.0,0.0
13,0.0,0.0,0.0
16,0.0,0.0,0.0
18,0.0,0.0,0.0
19,-0.160967,0.387441,0.782715
22,0.0181393,0.283354,0.790145
23,0.0,0.0,0.0
28,-0.050025,0.160875,0.882315
30,0.0,0.0,0.0
31,-0.0293663,0.258731,0.727928
32,-0.17273,0.164635,0.733345
33,0.0517592,0.26959,0.830887
45,-0.128953,0.489738,0.72208
51,0.0,0.0,0.0
57,0.0,0.0,0.0
