track_id,X,Y,Z
2,-0.0761178,0.517916,0.726749
3,-0.137666,0.225868,0.768189
9,0.0,0.0,0.0
13,-0.171674,0.264765,0.713862
16,-0.0837368,0.442911,0.679716
19,0.0,0.0,0.0
28,0.0,0.0,0.0
31,-0.124167,0.442288,0.671012
32,-0.141588,0.449668,0.76578
45,0.0178039,0.356391,0.804166
51,-0.00135111,0.318412,0.843054
59,-0.0515359,0.240192,0.895745
64,0.0,0.0,0.0
65,-0.0327347,0.32679,0.742479
67,-0.175215,0.231669,0.740173
69,0.0524422,0.345095,0.847036
74,0.0,0.0,0.0
79,0.0,0.0,0.0
