track_id,X,Y,Z
2,0.0,0.0,0.0
3,-0.0433375,0.35915,0.98585
9,0.0,0.0,0.0
16,-0.043298,0.35911,0.985871
18,-0.0434058,0.359027,0.986041
22,0.0,0.0,0.0
30,0.0,0.0,0.0
32,-0.0433272,0.358949,0.985905
33,-0.949214,1.70272,3.54016
51,-0.0434776,0.359074,0.985917
57,-0.0434327,0.35903,0.985682
65,0.0,0.0,0.0
69,-0.868881,1.31572,3.49252
71,0.0,0.0,0.0
73,-0.043284,0.359125,0.985806
74,-0.0434926,0.359039,0.98578
82,-0.0431234,0.358419,0.985248
