track_id,X,Y,Z
2,-0.264918,1.15358,2.22507
3,0.0,0.0,0.0
9,0.0,0.0,0.0
10,-0.206396,0.536571,1.35681
13,0.0,0.0,0.0
18,-0.237764,0.683065,1.59322
23,-0.119408,0.636124,1.33568
30,0.0,0.0,0.0
31,0.0,0.0,0.0
33,-0.0885506,0.57788,1.4136
45,-0.143749,0.665014,1.83381
58,-0.582467,1.09645,4.57008
60,0.0,0.0,0.0
64,-0.0931186,0.497736,1.16958
65,-0.240156,0.538283,1.4704
67,-0.0904681,0.678101,1.80774
71,0.0,0.0,0.0
73,0.0,0.0,0.0
