track_id,X,Y,Z
2,-0.311073,1.24665,2.22963
3,-0.515512,0.569843,2.23718
9,0.0,0.0,0.0
16,-0.61231,0.690549,2.17833
18,0.0,0.0,0.0
22,0.0,0.0,0.0
30,0.0,0.0,0.0
32,-0.479448,1.08838,2.10735
33,-0.471973,1.11472,2.42386
51,-0.118291,0.782283,2.20441
57,-0.13795,0.690304,2.29662
65,-0.225293,0.515278,2.40986
69,0.0,0.0,0.0
71,-0.28999,0.75934,2.12186
73,0.0,0.0,0.0
74,-0.022589,0.734474,2.2611
