track_id,X,Y,Z
2,0.0,0.0,0.0
3,-0.167589,0.157789,0.706906
9,-0.0996994,0.442121,0.683807
16,-0.195744,0.19378,0.657809
18,0.0,0.0,0.0
22,0.0,0.0,0.0
30,0.0,0.0,0.0
32,-0.146897,0.353008,0.631811
33,-0.17226,0.352877,0.713972
51,0.0,0.0,0.0
57,0.0,0.0,0.0
64,-0.0943974,0.16194,0.829276
67,0.0,0.0,0.0
69,-0.073917,0.246798,0.699266
73,-0.197266,0.164656,0.680564
74,-0.00321778,0.257953,0.799162
76,-0.13734,0.448122,0.667746
