track_id,X,Y,Z
2,-0.218461,0.10618,0.839163
3,-0.0747224,0.62825,0.716752
9,-0.295863,0.183212,0.779045
10,0.0,0.0,0.0
13,0.0,0.0,0.0
16,0.0,0.0,0.0
18,0.0,0.0,0.0
19,-0.215473,0.49152,0.873991
22,0.0722954,0.272673,0.778799
23,0.0585782,0.211053,0.862929
28,0.0,0.0,0.0
30,-0.21141,0.289504,0.971937
31,-0.049632,0.247098,0.720929
32,-0.288689,0.128083,0.824496
33,0.0,0.0,0.0
45,-0.150059,0.653849,0.726852
