track_id,X,Y,Z
2,-0.535606,0.521399,2.43121
3,0.0,0.0,0.0
9,-1.10414,0.910415,3.53404
10,-0.128619,0.676129,1.31728
13,-0.139094,0.549467,1.31817
16,-0.185431,0.873236,1.78159
18,0.0,0.0,0.0
19,0.0,0.0,0.0
22,0.0,0.0,0.0
23,-0.122509,0.623105,2.22382
28,0.0,0.0,0.0
30,0.0,0.0,0.0
31,0.0171579,0.404824,1.0216
32,-1.53101,0.96974,4.73161
33,0.0304448,0.579242,1.8229
45,0.0,0.0,0.0
51,0.0,0.0,0.0
57,-0.566399,1.61598,4.17577
58,0.0,0.0,0.0
59,-0.628634,0.891639,2.51404
60,0.0,0.0,0.0
