track_id,X,Y,Z
2,0.0,0.0,0.0
3,-0.163146,0.225138,0.872294
9,-0.114982,0.526466,0.851182
13,-0.189365,0.263042,0.821801
16,-0.115015,0.443172,0.820222
19,0.0,0.0,0.0
28,0.0,0.0,0.0
31,-0.15032,0.436395,0.799333
32,-0.185782,0.44233,0.900285
45,0.0,0.0,0.0
51,-0.055105,0.315974,0.969423
58,-0.103125,0.235372,0.992694
60,0.0,0.0,0.0
63,-0.0698145,0.329891,0.880259
64,-0.194253,0.230903,0.842575
65,0.0,0.0,0.0
69,-0.155494,0.532372,0.835572
73,0.0,0.0,0.0
