track_id,X,Y,Z
2,0.0,0.0,0.0
3,-3.05948,3.24939,13.3707
9,-1.81301,8.44986,12.9257
16,-3.76995,4.07718,13.1333
18,0.0,0.0,0.0
22,0.0,0.0,0.0
30,0.0,0.0,0.0
32,0.0,0.0,0.0
33,0.0,0.0,0.0
51,-0.553549,4.48634,12.0356
57,-0.70047,4.2799,13.7178
65,-1.45141,3.59349,16.6367
69,0.0,0.0,0.0
71,0.0,0.0,0.0
73,-3.764,3.60988,13.7183
74,0.0486272,4.42166,12.8862
78,-2.6961,9.40436,14.2004
