track_id,X,Y,Z
2,0.114774,0.264536,0.410948
3,0.0895434,0.338674,0.422192
9,0.0,0.0,0.0
10,0.138757,0.28961,0.383028
13,0.0903023,0.297725,0.419924
16,0.0,0.0,0.0
18,0.0,0.0,0.0
19,0.0,0.0,0.0
22,0.121053,0.294949,0.430548
23,0.0748679,0.310688,0.48192
28,0.0,0.0,0.0
30,0.0,0.0,0.0
31,0.147802,0.272714,0.391106
32,0.0,0.0,0.0
33,0.0908321,0.314303,0.476394
45,0.0567234,0.357654,0.436404
51,-0.931147,0.89268,1.1528
