track_id,X,Y,Z
2,-1.20784,2.36817,6.21461
3,-1.21042,2.36967,6.22526
9,0.0,0.0,0.0
14,-1.21304,2.37247,6.23257
16,0.0,0.0,0.0
19,0.0,0.0,0.0
22,-1.20772,2.36765,6.21363
28,0.0,0.0,0.0
31,-1.20948,2.37115,6.22089
32,0.0,0.0,0.0
45,-1.20779,2.36849,6.21712
51,-1.20778,2.368,6.21632
58,-1.20782,2.36744,6.21538
60,-1.20779,2.36734,6.21384
63,-3.99902,9.53731,27.7146
64,0.0,0.0,0.0
65,-1.20758,2.36811,6.21631
68,-1.20795,2.36825,6.21457
