track_id,X,Y,Z
2,0.0,0.0,0.0
3,-0.158823,0.197927,0.809451
9,0.0,0.0,0.0
10,0.0,0.0,0.0
13,0.0,0.0,0.0
18,0.0,0.0,0.0
23,-0.11134,0.378957,0.830611
30,-0.159836,0.364944,0.767603
31,-0.177398,0.356385,0.829064
33,-0.0577976,0.308983,0.904382
45,-0.075978,0.276006,0.918482
58,-0.109918,0.20804,0.923522
60,0.0,0.0,0.0
64,-0.0893119,0.288339,0.844785
65,-0.183181,0.198753,0.776772
67,-0.0391882,0.302388,0.940176
71,-0.166884,0.435432,0.799871
73,0.0,0.0,0.0
