track_id,X,Y,Z
2,-0.0436084,0.294093,0.863703
3,-0.0437547,0.294955,0.864303
9,-0.0436557,0.294154,0.863656
10,-0.0434595,0.294265,0.863398
13,0.0,0.0,0.0
16,0.0,0.0,0.0
18,-0.0435807,0.294376,0.863582
19,-0.996332,1.49741,3.13746
22,-0.0434366,0.29427,0.863781
23,-0.0435722,0.294372,0.864273
28,0.0,0.0,0.0
30,-0.925356,1.13336,3.06827
31,0.0,0.0,0.0
32,-0.0436915,0.294132,0.863763
33,-0.0434486,0.294353,0.864099
45,0.0,0.0,0.0
